number_id,claim_id,source_id,value,unit,as_of,basis,note
num-water-consented-annual,claim-makarewa-water-take,es-consent-water-2026,220752000,L/yr,2026-03-13,consented maximum,7 L/s and 604800 L/day for cooling and potable supply
num-water-consented-daily,claim-makarewa-water-take,es-consent-water-2026,604800,L/day,2026-03-13,consented maximum,The daily expression of the same 7 L/s condition
num-water-expected-annual,claim-makarewa-water-take,rnz-datagrid-pledges-2026-08,66000000,L/yr,2026-08-18,operator expectation,Datagrid says it expects to use 70% less than consented. Appears in no consent document
num-dewatering-total,claim-makarewa-dewatering-take,es-consent-water-2026,321408000,L,2026-03-13,consented total for the works,60 L/s over about two months of construction dewatering. Larger than the annual operational take and unreported
num-power-application,claim-makarewa-power-draw,datagrid-fasttrack-application-2024-05,240,MW,2024-05-02,IT load stated by the applicant,"Application says over 240MW of IT load; IT load excludes cooling and overheads"
num-power-consent-release,claim-makarewa-power-draw,datagrid-resource-consent-pr-2026-03,280,MW,2026-03-11,figure in the operator's release,Two years later than the application figure and a different quantity may be intended
num-jobs-construction-concurrent,claim-makarewa-jobs-construction,abley-transport-assessment-2025-08,550,people,2025-08-06,peak concurrent headcount on site,Sized against 400 car parks
num-jobs-construction-total,claim-makarewa-jobs-construction,datagrid-resource-consent-pr-2026-03,1200,roles,2026-03-11,total roles over the build,Not concurrent and not comparable to the 550
num-jobs-national-annual,claim-makarewa-jobs-construction,insight-economics-makarewa-2025-07,5751,jobs/yr,2025-07-24,national direct plus indirect,5387 FTE equivalent; onsite and offsite
num-staff-concurrent,claim-makarewa-jobs-permanent,abley-transport-assessment-2025-08,45,people,2025-08-06,concurrent on site at any one time,5 admin 10 security 5 ops management up to 26 ops
num-staff-average-daily,claim-makarewa-jobs-permanent,insight-economics-makarewa-2025-07,80,people,2025-07-24,average daily workforce,Alfatech figure. Tracks the 1News number
num-site-application,claim-makarewa-site-footprint,datagrid-fasttrack-application-2024-05,49,ha,2024-05-02,area proposed by the applicant,43 owned plus about 6 in OIO process
num-site-coverage,claim-makarewa-site-footprint,rnz-second-largest-drain-2026-03,48,ha,2026-03-17,property area as reported,May undercount: the s104 consents six titles across three addresses
num-capex,claim-makarewa-capex,1news-community-questions-2026-07,3500000000,NZD,2026-07-23,headline capital cost,Capex is redacted under OIA in the application itself
num-generators,claim-makarewa-diesel-generators,rnz-second-largest-drain-2026-03,84,units,2026-03-17,consented count,Each with a 10000 L diesel tank and a 15 m exhaust stack
num-generator-tank,claim-makarewa-diesel-generators,rnz-second-largest-drain-2026-03,10000,L,2026-03-17,per generator,Diesel tank capacity per unit
num-mercury-stake,claim-makarewa-mercury-stake,1news-community-questions-2026-07,12,percent,2026-07-23,equity stake,Bought for 53m NZD in March 2026
num-mercury-ppa,claim-makarewa-mercury-stake,1news-community-questions-2026-07,140,MW,2026-07-23,long-term PPA,Signed with Mercury in March 2026
num-open-date,claim-makarewa-open-date,1news-community-questions-2026-07,2028,year,2026-07-23,expected opening,As reported
num-renewable-share-application,claim-nz-renewable-share,datagrid-fasttrack-application-2024-05,82,percent,2024-05-02,unstated basis,"Basis and period not established. MBIE Jan-Mar 2024 was 85.7%, so this matches no verified quarterly figure"
num-dc-share-greens,claim-nz-datacentre-electricity-share,greens-pause-ai-data-centres-2026-07,6,percent,2026-07-26,Datagrid alone as share of total supply,Arithmetically sound: 280 MW at full load is 2453 GWh or 6.04% of 2025 consumption (mbie-electricity-tables-2026). It is the 3% sector-wide 2030 figure that cannot sit beside it
num-dc-share-now,claim-nz-datacentre-electricity-share,1news-brown-underwrite-generation-2026-08,0.6,percent,2026-08-09,all data centres today,Energy Minister Simeon Brown
num-dc-share-2030,claim-nz-datacentre-electricity-share,1news-brown-underwrite-generation-2026-08,3,percent,2026-08-09,all data centres projected 2030,Energy Minister Simeon Brown
num-nz-net-generation-2025,claim-nz-total-electricity,mbie-electricity-tables-2026,44140.5,GWh,2025-12-31,net generation calendar year,"Sheet 2 - Annual GWh, row 10"
num-nz-consumption-2025,claim-nz-total-electricity,mbie-electricity-tables-2026,40589.8,GWh,2025-12-31,consumption on the estimated sales basis,"Sheet 2 - Annual GWh, rows 41-54. Actual-sales basis differs"
num-renewable-share-2021,claim-nz-renewable-share,mbie-electricity-tables-2026,82.15,percent,2021-12-31,MBIE annual series calendar year,Settles the fast-track application 82% to two decimal places. Same figure, sourced rather than inferred
num-renewable-share-2025,claim-nz-renewable-share,mbie-electricity-tables-2026,88.46,percent,2025-12-31,MBIE annual series calendar year,Most recent full year in the series
num-makarewa-share-derived,claim-nz-datacentre-electricity-share,mbie-electricity-tables-2026,6.04,percent,2025-12-31,derived: 280 MW at full load against 2025 national consumption,"280 MW = 2453 GWh/yr. The 280 MW input is num-power-consent-release. Supports the Greens 6% and cannot be reconciled with the 3%-by-2030 sector figure"
num-generators-greens,claim-makarewa-diesel-generators,greens-national-policy-response-2026-08,84,units,2026-08-14,consented count,Restated by the Greens on 14 Aug; four days later Datagrid said it expects fewer than 34 (rnz-datagrid-pledges-2026-08)
num-dc-demand-growth-greens,claim-nz-datacentre-electricity-share,greens-pause-petition-2026,1500,percent,2024-12-31,growth in data centre electricity demand 2017 to 2024,Petition gives no source for the figure. Unverified
num-petition-signatures,claim-nz-datacentre-regulation,greens-pause-petition-2026,12878,signatures,2026-09-15,live count at retrieval,Target 15000. Changes daily; a snapshot not a total
num-petition-target,claim-nz-datacentre-regulation,greens-pause-petition-2026,15000,signatures,2026-09-15,stated target,The number the Green Party says it needs
num-makarewa-households-greens,claim-makarewa-power-draw,greens-pause-petition-2026,300000,households,2026-07-26,household equivalent as stated by the petition,"Petition says ""more than"" 300,000. No household consumption figure given"
num-consent-term-water,claim-makarewa-consent-duration,es-consent-water-2026,35,years,2026-03-11,derived: granted 2026-03-11 to expiry 2061-03-11,AUTH-20252550-03 operational groundwater take. Lapse date 2034-03-11
num-iwi-max-term-water,claim-makarewa-consent-duration,te-tangi-a-tauira-2008,25,years,2008-02-14,maximum duration advocated by iwi policy,Te Tangi a Tauira s3.5.14 policy 17. Advocacy position written for water takes generally not Makarewa
num-freeair-fan-share-ssrc,claim-makarewa-cooling-method,ssrc-s128-review-form-2026-08,80,percent,2026-08-05,share of operating time on free-air cooling fans as stated by the objectors,Form says more than 80%. No source given; bears on how often the adiabatic water-based mode runs
num-noise-baseline-days-ssrc,claim-makarewa-noise-assessment,ssrc-s128-review-form-2026-08,7,days,2026-08-05,duration of baseline noise monitoring as described by the objectors,One season one position A-weighted only per the form. Needs checking against the Marshall Day assessment
num-transformers-modelled-ssrc,claim-makarewa-noise-assessment,ssrc-s128-review-form-2026-08,2,units,2026-08-05,transformers modelled in the noise assessment as described by the objectors,Form says the HV substation is under-specified with no frequency data
num-noise-night-la90-baseline,claim-makarewa-noise-assessment,ssrc-s128-request-2026-07,26,dB LA90,2025-04-22,measured night-time background at the baseline position as cited by the objectors,From the MDA report; baseline monitored 15-22 April 2025 at a single position
num-noise-night-predicted,claim-makarewa-noise-assessment,ssrc-s128-request-2026-07,35,dB LAeq,2025-08-28,applicant-commissioned prediction at the notional boundary as cited by the objectors,MDA report Rp 001 R04 20220451. The objectors say it modelled the wrong primary noise source
num-noise-night-limit-notional,claim-makarewa-noise-assessment,ssrc-s128-request-2026-07,40,dB LAeq(15min),2026-07-26,district plan night-time limit at the notional boundary of a dwelling,General Rural Zone. The GRUZ property boundary limit is 45
num-chillers,claim-makarewa-cooling-method,ssrc-s128-request-2026-07,147,units,2026-07-26,chillers in the consented design as described by the objectors,The objectors say chillers run under 20% of the time as backup to free-air cooling
num-diesel-storage,claim-makarewa-diesel-generators,ssrc-s128-request-2026-07,840000,L,2026-07-26,approximate diesel stored on site as described by the objectors,Partly obscured on the published page image
num-generator-tank-greens,claim-makarewa-diesel-generators,greens-national-policy-response-2026-08,10000,L,2026-08-14,per generator as stated by the Greens,Restates the consented design
num-exhaust-stack-greens,claim-makarewa-diesel-generators,greens-national-policy-response-2026-08,15,m,2026-08-14,exhaust stack height per generator as stated by the Greens,Restates the consented design
num-dc-share-petition,claim-nz-datacentre-electricity-share,greens-pause-petition-2026,6,percent,2026-07-26,Datagrid alone as share of total supply,Holds against MBIE: 280 MW at full load is 6.04% of 2025 consumption
num-water-daily-petition,claim-makarewa-water-take,greens-pause-petition-2026,600000,L/day,2026-07-26,"consented maximum as restated by the petition, rounded",Consent gives 604800 L/day
num-water-annual-petition,claim-makarewa-water-take,greens-pause-petition-2026,220000000,L/yr,2026-07-26,"consented maximum as restated by the petition, rounded",Consent gives 220752000 L/yr
num-it-capacity-ssrc,claim-makarewa-power-draw,ssrc-s128-request-2026-07,280,MW,2026-07-26,IT capacity as described by the objectors,Across three modules
num-capex-ssrc,claim-makarewa-capex,ssrc-s128-request-2026-07,3500000000,NZD,2026-07-26,headline capital cost as cited by the objectors,Datagrid gave $5b in August
num-site-area-ssrc,claim-makarewa-site-footprint,ssrc-s128-request-2026-07,49,ha,2026-07-26,site area as described by the objectors,342 and 370 Flora Road East and 63 Taylor Road
num-data-halls-ssrc,claim-makarewa-site-footprint,ssrc-s128-request-2026-07,6,units,2026-07-26,data halls in the consented design as described by the objectors,Each approximately 170 m by 80 m and 12 m high
num-gxp-area-ssrc,claim-makarewa-site-footprint,ssrc-s128-request-2026-07,4,ha,2026-07-26,GXP substation area as described by the objectors,Approximate
num-generators-ssrc,claim-makarewa-diesel-generators,ssrc-s128-request-2026-07,84,units,2026-07-26,consented count as described by the objectors,Emergency generators
num-ppa-mw-ssrc,claim-makarewa-mercury-stake,ssrc-s128-request-2026-07,140,MW,2026-07-26,long-term PPA as described by the objectors,Power Purchase Option Agreement with Mercury
num-ppa-term-ssrc,claim-makarewa-mercury-stake,ssrc-s128-request-2026-07,15,years,2026-07-26,PPA term as described by the objectors,Power Purchase Option Agreement with Mercury
num-scale-ratio-ssrc,claim-makarewa-power-draw,ssrc-s128-request-2026-07,12,times,2026-07-26,ratio to the largest existing NZ data centre as claimed by the objectors,Stated as more than 12 times larger. Unverified
num-nz-dc-capacity-ssrc,claim-nz-datacentre-capacity,ssrc-s128-request-2026-07,161,MW,2026-07-26,installed national data centre capacity as cited by the objectors,Attributed to Baxtel and DatacenterDynamics. Unverified
num-nz-dc-count-ssrc,claim-nz-datacentre-capacity,ssrc-s128-request-2026-07,21,facilities,2026-07-26,number of existing NZ data centres as cited by the objectors,Attributed to Baxtel and DatacenterDynamics. Unverified
num-freeair-share-request,claim-makarewa-cooling-method,ssrc-s128-request-2026-07,80,percent,2026-07-26,share of runtime on free-air cooling attributed by the objectors to the applicant,Stated as more than 80%. No document reference given
num-chiller-share-request,claim-makarewa-cooling-method,ssrc-s128-request-2026-07,20,percent,2026-07-26,share of runtime on chillers attributed by the objectors to the applicant,"Stated as less than 20%, backup only"
num-chiller-lwa-day,claim-makarewa-noise-assessment,ssrc-s128-request-2026-07,95,dB LWA,2025-08-28,modelled chiller sound power daytime as cited by the objectors,MDA report Table 4 page 11
num-chiller-lwa-night,claim-makarewa-noise-assessment,ssrc-s128-request-2026-07,91,dB LWA,2025-08-28,modelled chiller sound power night-time as cited by the objectors,MDA report Table 4 page 11
num-transformer-lp,claim-makarewa-noise-assessment,ssrc-s128-request-2026-07,45,dB Lp at 50 m,2025-08-28,modelled transformer sound pressure as cited by the objectors,Two transformers; no octave band data per the objectors
num-noise-day-laeq-baseline,claim-makarewa-noise-assessment,ssrc-s128-request-2026-07,37,dB LAeq,2025-04-22,measured daytime ambient at the baseline position as cited by the objectors,From the MDA report; 07:00-22:00
num-noise-day-la90-baseline,claim-makarewa-noise-assessment,ssrc-s128-request-2026-07,31,dB LA90,2025-04-22,measured daytime background at the baseline position as cited by the objectors,From the MDA report
num-noise-night-laeq-baseline,claim-makarewa-noise-assessment,ssrc-s128-request-2026-07,30,dB LAeq,2025-04-22,measured night-time ambient at the baseline position as cited by the objectors,From the MDA report; 22:00-07:00
num-noise-day-predicted,claim-makarewa-noise-assessment,ssrc-s128-request-2026-07,38,dB LAeq,2025-08-28,applicant-commissioned daytime prediction at the notional boundary as cited by the objectors,Partly obscured on the published page image
num-noise-baseline-days-request,claim-makarewa-noise-assessment,ssrc-s128-request-2026-07,7,days,2025-04-22,duration of baseline noise monitoring as described by the objectors,15-22 April 2025; single position; autumn only
num-groundwater-depth-min,claim-makarewa-noise-assessment,ssrc-s128-request-2026-07,1.0,m below ground,2026-07-26,shallow end of the groundwater table as cited by the objectors,From the PDP geotechnical report; bears on low-frequency propagation
num-groundwater-depth-max,claim-makarewa-noise-assessment,ssrc-s128-request-2026-07,2.0,m below ground,2026-07-26,deep end of the groundwater table as cited by the objectors,From the PDP geotechnical report
num-limit-gruz-day-laeq,claim-makarewa-noise-assessment,ssrc-s128-request-2026-07,65,dB LAeq(15min),2026-07-26,district plan daytime limit at a GRUZ property boundary,As cited by the objectors
num-limit-gruz-day-lamax,claim-makarewa-noise-assessment,ssrc-s128-request-2026-07,85,dB LAmax,2026-07-26,district plan daytime maximum at a GRUZ property boundary,As cited by the objectors
num-limit-gruz-night-laeq,claim-makarewa-noise-assessment,ssrc-s128-request-2026-07,45,dB LAeq(15min),2026-07-26,district plan night-time limit at a GRUZ property boundary,As cited by the objectors
num-limit-gruz-night-lamax,claim-makarewa-noise-assessment,ssrc-s128-request-2026-07,70,dB LAmax,2026-07-26,district plan night-time maximum at a GRUZ property boundary,As cited by the objectors
num-limit-notional-day-laeq,claim-makarewa-noise-assessment,ssrc-s128-request-2026-07,50,dB LAeq(15min),2026-07-26,district plan daytime limit at the notional boundary of a dwelling,As cited by the objectors
num-limit-notional-day-lamax,claim-makarewa-noise-assessment,ssrc-s128-request-2026-07,75,dB LAmax,2026-07-26,district plan daytime maximum at the notional boundary of a dwelling,As cited by the objectors
num-limit-notional-night-lamax,claim-makarewa-noise-assessment,ssrc-s128-request-2026-07,70,dB LAmax,2026-07-26,district plan night-time maximum at the notional boundary of a dwelling,As cited by the objectors
num-auckland-checklist-share,claim-makarewa-noise-assessment,ssrc-s128-request-2026-07,60,percent,2026-07-26,share of proposed checklist items already applied by Auckland Council as claimed by the objectors,Approximate. The checklist enclosure is not in the corpus
num-proposed-conditions,claim-makarewa-consent-review,ssrc-s128-request-2026-07,14,conditions,2026-07-26,conditions proposed by the objectors,"7 pre-construction, 1 pre-operational, 4 operational, 2 review"
num-baseline-months-proposed,claim-makarewa-consent-review,ssrc-s128-request-2026-07,3,months,2026-07-26,minimum pre-operational baseline proposed by the objectors,"Condition B1, at 2 or more receiver locations"
num-ack-working-days,claim-makarewa-consent-review,ssrc-s128-request-2026-07,10,working days,2026-07-26,time the objectors asked the council to take to acknowledge receipt,Request 1 of 6
num-decide-working-days,claim-makarewa-consent-review,ssrc-s128-request-2026-07,20,working days,2026-07-26,time the objectors asked the council to take to decide whether to review,Request 2 of 6
